﻿<?xml version="1.0" encoding="utf-8" ?>
<Defs>

  <!-- ====================================== Centaur Civilian =========================================== -->

	<ThingDef ParentName="ApparelMakeableBase">
    <defName>Apparel_CentaurPants</defName>
    <label>centaur pants</label>
    <description>A pair of pants suited for an equine body. Now we know how a horse would wear pants.</description>
    <recipeMaker>
      <researchPrerequisite>ComplexClothing</researchPrerequisite>
    </recipeMaker>
    <graphicData>
      <texPath>Things/Pawn/Humanlike/Apparel/CentaurPants/CentaurPants</texPath>
      <graphicClass>Graphic_Single</graphicClass>
    </graphicData>
    <costStuffCount>80</costStuffCount>
    <stuffCategories>
      <li>Fabric</li>
      <li>Leathery</li>
    </stuffCategories>
    <thingCategories>
      <li>Apparel</li>
    </thingCategories>
    <statBases>
			<MaxHitPoints>100</MaxHitPoints>
			<WorkToMake>3000</WorkToMake>
      <Mass>1</Mass>
      <StuffEffectMultiplierArmor>0.2</StuffEffectMultiplierArmor>
      <StuffEffectMultiplierInsulation_Cold>0.20</StuffEffectMultiplierInsulation_Cold>
      <StuffEffectMultiplierInsulation_Heat>0.08</StuffEffectMultiplierInsulation_Heat>
      <EquipDelay>4</EquipDelay>
    </statBases>
    <apparel>
      <bodyPartGroups>
        <li>CentaurLegs</li>
      </bodyPartGroups>
      <layers>
        <li>OnSkin</li>
      </layers>
      <tags>
        <li>CentaurIndustrialBasic</li>
      </tags>
      <defaultOutfitTags>
        <li>Worker</li>
        <li>Soldier</li>
      </defaultOutfitTags>
    </apparel>
    <colorGenerator Class="ColorGenerator_StandardApparel" />
  </ThingDef>
 
 
 
  <ThingDef ParentName="ApparelMakeableBase">
    <defName>Apparel_CentaurBasicShirt</defName>
    <label>centaur T-shirt</label>
    <description>A modified T-shirt for use by centaurs.</description>
    <graphicData>
      <texPath>Things/Pawn/Humanlike/Apparel/CentaurBasicShirt/CentaurBasicShirt</texPath>
      <graphicClass>Graphic_Single</graphicClass>
    </graphicData>
    <costStuffCount>80</costStuffCount>
    <stuffCategories>
      <li>Fabric</li>
      <li>Leathery</li>
    </stuffCategories>
    <thingCategories>
      <li>Apparel</li>
    </thingCategories>
    <statBases>
			<MaxHitPoints>100</MaxHitPoints>
			<WorkToMake>3200</WorkToMake>
      <Mass>0.50</Mass>
      <StuffEffectMultiplierArmor>0.2</StuffEffectMultiplierArmor>
      <StuffEffectMultiplierInsulation_Cold>0.22</StuffEffectMultiplierInsulation_Cold>
      <StuffEffectMultiplierInsulation_Heat>0.10</StuffEffectMultiplierInsulation_Heat>
      <EquipDelay>3</EquipDelay>
    </statBases>
    <apparel>
      <bodyPartGroups>
        <li>Torso</li>
        <li>Shoulders</li>
      </bodyPartGroups>
      <wornGraphicPath>Things/Pawn/Humanlike/Apparel/CentaurBasicShirt/CentaurBasicShirt</wornGraphicPath>
      <layers>
        <li>OnSkin</li>
      </layers>
      <tags>
        <li>CentaurIndustrialBasic</li>
      </tags>
      <defaultOutfitTags>
        <li>Worker</li>
        <li>Soldier</li>
      </defaultOutfitTags>
    </apparel>
    <colorGenerator Class="ColorGenerator_StandardApparel" />
  </ThingDef>
  

  
  <ThingDef ParentName="ApparelMakeableBase">
    <defName>Apparel_CentaurCollarShirt</defName>
    <description>Designed for centaurs, this collared shirt comes with skirting and tiedowns to suit.</description>
    <label>button-down centaur shirt</label>
    <recipeMaker>
      <researchPrerequisite>ComplexClothing</researchPrerequisite>
    </recipeMaker>
    <graphicData>
      <texPath>Things/Pawn/Humanlike/Apparel/CentaurCollarShirt/CentaurCollarShirt</texPath>
      <graphicClass>Graphic_Single</graphicClass>
    </graphicData>
    <costStuffCount>90</costStuffCount>
    <stuffCategories>
      <li>Fabric</li>
      <li>Leathery</li>
    </stuffCategories>
    <thingCategories>
      <li>Apparel</li>
    </thingCategories>
    <statBases>
			<MaxHitPoints>100</MaxHitPoints>
			<WorkToMake>5000</WorkToMake>
      <Mass>0.6</Mass>
      <StuffEffectMultiplierArmor>0.2</StuffEffectMultiplierArmor>
      <StuffEffectMultiplierInsulation_Cold>0.26</StuffEffectMultiplierInsulation_Cold>
      <StuffEffectMultiplierInsulation_Heat>0.10</StuffEffectMultiplierInsulation_Heat>
      <EquipDelay>3</EquipDelay>
    </statBases>
		<apparel>
      <bodyPartGroups>
        <li>Torso</li>
        <li>Neck</li>
        <li>Shoulders</li>
        <li>Arms</li>
      </bodyPartGroups>
      <wornGraphicPath>Things/Pawn/Humanlike/Apparel/CentaurCollarShirt/CentaurCollarShirt</wornGraphicPath>
      <layers>
        <li>OnSkin</li>
      </layers>
      <tags>
        <li>CentaurIndustrialBasic</li>
      </tags>
      <defaultOutfitTags>
        <li>Worker</li>
        <li>Soldier</li>
      </defaultOutfitTags>
    </apparel>
    <colorGenerator Class="ColorGenerator_StandardApparel" />
  </ThingDef>
  
   <!-- ====================================== Centaur Armour =========================================== -->
 
  
  
  <ThingDef ParentName="ArmorMachineableBase">
    <defName>Apparel_CentaurFlakVest</defName>
    <label>centaur flak vest</label>
    <description>Flak armor modified for a centaur wearer. Additional weight and materials are required when compared to humanoid vests, allowing for protection of the flanks. This armor design does not protect the limbs.</description>
    <techLevel>Industrial</techLevel>
    <recipeMaker>
      <researchPrerequisite>FlakArmor</researchPrerequisite>
      <unfinishedThingDef>UnfinishedTechArmor</unfinishedThingDef>
      <skillRequirements>
        <Crafting>5</Crafting>
      </skillRequirements>
    </recipeMaker>
    <graphicData>
      <texPath>Things/Pawn/Humanlike/Apparel/CentaurFlakVest/CentaurFlakVest</texPath>
      <graphicClass>Graphic_Single</graphicClass>
    </graphicData>
    <statBases>
      <WorkToMake>1800</WorkToMake>
      <MaxHitPoints>200</MaxHitPoints>
      <Mass>8</Mass>
      <Flammability>0.6</Flammability>
      <ArmorRating_Sharp>1.00</ArmorRating_Sharp>
      <ArmorRating_Blunt>0.36</ArmorRating_Blunt>
      <ArmorRating_Heat>0.27</ArmorRating_Heat>
      <Insulation_Cold>1</Insulation_Cold>
      <EquipDelay>5</EquipDelay>
    </statBases>
    <equippedStatOffsets>
      <MoveSpeed>-0.24</MoveSpeed>
    </equippedStatOffsets>
    <thingCategories>
      <li>Apparel</li>
    </thingCategories>
    <costList>
      <Cloth>60</Cloth>
      <Steel>120</Steel>
      <ComponentIndustrial>2</ComponentIndustrial>
    </costList>
    <apparel>
      <bodyPartGroups>
        <li>Torso</li>
        <li>Neck</li>
        <li>Shoulders</li>
      </bodyPartGroups>
      <wornGraphicPath>Things/Pawn/Humanlike/Apparel/CentaurFlakVest/CentaurFlakVest</wornGraphicPath>
      <layers>
        <li>Middle</li>
      </layers>
      <tags>
        <li>CentaurIndustrialMilitaryBasic</li>
      </tags>
      <defaultOutfitTags>
        <li>Soldier</li>
      </defaultOutfitTags>
    </apparel>
    <colorGenerator Class="ColorGenerator_Options">
      <options>
        <li>
          <only>(0.33,0.33,0.33)</only>
        </li>
        <li>
          <only>(0.65,0.65,0.65)</only>
        </li>
        <li>
          <weight>0.5</weight>
          <min>(0.3,0.3,0.3)</min>
          <max>(0.5,0.5,0.5)</max>
        </li>
      </options>
    </colorGenerator>
  </ThingDef>
	
	
<ThingDef ParentName="ArmorMachineableBase">
    <defName>Apparel_CentaurFlakPants</defName>
    <label>centaur flak pants</label>
    <description>Modified pants suited to a centaur. The addition of armored plating grants effective protection from attacks without restricting movements.</description>
    <recipeMaker>
      <researchPrerequisite>FlakArmor</researchPrerequisite>
      <unfinishedThingDef>UnfinishedTechArmor</unfinishedThingDef>
      <skillRequirements>
        <Crafting>5</Crafting>
      </skillRequirements>
    </recipeMaker>
    <graphicData>
      <texPath>Things/Pawn/Humanlike/Apparel/CentaurPants/CentaurFlakPants</texPath>
      <graphicClass>Graphic_Single</graphicClass>
      <drawSize>0.90</drawSize>
    </graphicData>
    <statBases>
      <WorkToMake>16000</WorkToMake>
      <MaxHitPoints>200</MaxHitPoints>
      <Mass>8</Mass>
      <Flammability>0.6</Flammability>
      <ArmorRating_Sharp>0.40</ArmorRating_Sharp>
      <ArmorRating_Blunt>0.08</ArmorRating_Blunt>
      <ArmorRating_Heat>0.10</ArmorRating_Heat>
      <Insulation_Cold>3.5</Insulation_Cold>
      <Insulation_Heat>1</Insulation_Heat>
      <EquipDelay>10</EquipDelay>
    </statBases>
    <equippedStatOffsets>
      <MoveSpeed>-0.24</MoveSpeed>
    </equippedStatOffsets>
    <thingCategories>
      <li>Apparel</li>
    </thingCategories>
    <costList>
      <Cloth>60</Cloth>
      <Steel>120</Steel>
      <ComponentIndustrial>2</ComponentIndustrial>
    </costList>
    <apparel>
      <bodyPartGroups>
        <li>CentaurLegs</li>
      </bodyPartGroups>
      <layers>
        <li>OnSkin</li>
        <li>Middle</li>
      </layers>
      <tags>
        <li>CentaurIndustrialMilitaryBasic</li>
      </tags>
      <defaultOutfitTags>
        <li>Soldier</li>
      </defaultOutfitTags>
    </apparel>
    <colorGenerator Class="ColorGenerator_Options">
      <options>
        <li>
          <only>(0.44,0.44,0.44)</only>
        </li>
        <li>
          <only>(0.62,0.62,0.62)</only>
        </li>
      </options>
    </colorGenerator>
  </ThingDef>

 
 
 <ThingDef ParentName="ArmorMachineableBase">
    <defName>Apparel_CentaurFlakJacket</defName>
    <label>centaur flak jacket</label>
    <description>An armoured overcoat suited for a centaur. A step below plate armor, the defense offered is by no means insignificant and still doesn't impede movement.</description>
    <recipeMaker>
      <researchPrerequisite>FlakArmor</researchPrerequisite>
      <unfinishedThingDef>UnfinishedTechArmor</unfinishedThingDef>
      <skillRequirements>
        <Crafting>5</Crafting>
      </skillRequirements>
    </recipeMaker>
    <graphicData>
      <texPath>Things/Pawn/Humanlike/Apparel/CentaurFlakJacket/CentaurFlakJacket</texPath>
      <graphicClass>Graphic_Single</graphicClass>
      <drawSize>1.00</drawSize>
    </graphicData>
    <costList>
      <Cloth>100</Cloth>
      <Steel>140</Steel>
      <ComponentIndustrial>2</ComponentIndustrial>
    </costList>
    <thingCategories>
      <li>Apparel</li>
    </thingCategories>
    <statBases>
      <MaxHitPoints>260</MaxHitPoints>
      <WorkToMake>26000</WorkToMake>
      <Mass>14</Mass>
      <Flammability>0.6</Flammability>
      <ArmorRating_Sharp>0.40</ArmorRating_Sharp>
      <ArmorRating_Blunt>0.08</ArmorRating_Blunt>
      <ArmorRating_Heat>0.10</ArmorRating_Heat>
      <Insulation_Cold>14.4</Insulation_Cold> <!-- like a cloth jacket -->
      <Insulation_Heat>3</Insulation_Heat>
      <EquipDelay>6</EquipDelay>
    </statBases>
    <equippedStatOffsets>
      <MoveSpeed>-0.24</MoveSpeed>
    </equippedStatOffsets>
    <apparel>
      <bodyPartGroups>
        <li>Torso</li>
        <li>Neck</li>
        <li>Shoulders</li>
        <li>Arms</li>
      </bodyPartGroups>
      <wornGraphicPath>Things/Pawn/Humanlike/Apparel/CentaurFlakJacket/CentaurFlakJacket</wornGraphicPath>
      <layers>
        <li>Shell</li>
      </layers>
      <tags>
        <li>CentaurIndustrialAdvanced</li>
      </tags>
      <defaultOutfitTags>
        <li>Soldier</li>
      </defaultOutfitTags>
    </apparel>
    <colorGenerator Class="ColorGenerator_Options">
      <options>
        <li>
          <only>(0.44,0.44,0.44)</only>
        </li>
        <li>
          <only>(0.62,0.62,0.62)</only>
        </li>
      </options>
    </colorGenerator>
  </ThingDef>
 
</Defs>
