﻿<?xml version="1.0" encoding="utf-8" ?>
<Defs>

 <FactionDef ParentName="PlayerFactionBase">
    <defName>CentaurPlayerColony</defName>
    <label>Centaur New Arrivals</label>
    <description>A colony of recently-arrived off-worlders.</description>
    <isPlayer>true</isPlayer>
    <basicMemberKind>CentaurColonist</basicMemberKind>
    <pawnSingular>colonist</pawnSingular>
    <pawnsPlural>colonists</pawnsPlural>
    <techLevel>Industrial</techLevel>
    <backstoryCategories>
	  <li>CentaurCivil</li>
    </backstoryCategories>
    <expandingIconTexture>World/WorldObjects/Expanding/Town</expandingIconTexture>
    <playerInitialSettlementNameMaker>NamerInitialSettlementColony</playerInitialSettlementNameMaker>
		<factionNameMaker>NamerFactionOutlander</factionNameMaker>
    <settlementNameMaker>NamerSettlementOutlander</settlementNameMaker>
    <geneticVariance>1</geneticVariance>
		<startingResearchTags>
			<li>ClassicStart</li>
		</startingResearchTags>
		<hairTags>
			<li>Urban</li>
		</hairTags>
		<apparelStuffFilter>
			<thingDefs>
				<li>Synthread</li>
			</thingDefs>
		</apparelStuffFilter>
  </FactionDef>

</Defs>